date,provider,gpu_type,price_tier,previous_date,previous_price_usd,new_price_usd,change_pct,direction,region
2026-05-26,GCP,H100 SXM,spot,2026-05-25,3.1155,3.2713,5.0,UP,asia-south1
2026-05-26,GCP,A100,spot,2026-05-25,0.5897,0.5602,-5.0,DOWN,asia-south1
2026-06-09,GCP,H100 SXM,spot,2026-06-08,3.2713,3.4422,5.22,UP,asia-south1
2026-06-19,RunPod,L40S,on_demand,2026-06-18,0.86,0.99,15.12,UP,global
2026-06-19,RunPod,L40S,36mo,2026-06-18,0.748,0.86,14.97,UP,global
2026-06-22,GCP,H200 SXM,spot,2026-06-21,4.6559,5.0842,9.2,UP,asia-south1
2026-06-22,GCP,L4,spot,2026-06-21,0.2437,0.2571,5.5,UP,asia-south1
2026-06-22,GCP,B200,spot,2026-06-21,2.8099,2.6694,-5.0,DOWN,asia-south1
2026-06-24,RunPod,B300,on_demand,2026-06-23,7.39,0.5,-93.23,DOWN,global
2026-06-24,RunPod,B300,spot,2026-06-23,6.94,0.5,-92.8,DOWN,global
2026-06-26,RunPod,B300,on_demand,2026-06-25,0.5,7.39,1378.0,UP,global
2026-06-26,RunPod,B300,spot,2026-06-25,0.5,6.94,1288.0,UP,global
2026-06-30,RunPod,B300,on_demand,2026-06-29,7.39,0.5,-93.23,DOWN,global
2026-06-30,RunPod,B300,spot,2026-06-29,6.94,0.5,-92.8,DOWN,global
2026-07-07,GCP,H100 SXM,spot,2026-07-06,3.6136,3.9749,10.0,UP,asia-south1
2026-07-07,GCP,A100,spot,2026-07-06,0.5397,0.5127,-5.0,DOWN,asia-south1
